[
	{
		"number" : 1,
		"title" : "Consulting",
		"accordionId" : "accordionExample1",
		"queries" : [
			{
				"showClass" : "show",
				"collapsedClass" : "",
				"question" : "All about pricing and plans that suites your need.",
				"answer" : "Anim pariatur cliche reprehenderit, enim eiusmod high life accusamus terry richardson ad squid. 3 wolf moon officia aute, non cupidatat skateboard dolor brunch. Food truck quinoa nesciunt laborum eiusmod.",
				"collapseId" : "collapseOne",
				"headingId" : "headingOne"
			},
			{
				"showClass" : "",
				"collapsedClass" : "collapsed",
				"question" : "Phasellus blandit libero sit in porta leo posuere.",
				"answer" : "Many desktop publishing packages and web page editors now use Lorem Ipsum as their default model text, and a search for 'lorem ipsum' will uncover many web sites still in their infancy, various versions.",
				"collapseId" : "collapseTwo",
				"headingId" : "headingTwo"
			}
		]
	},
	{
		"number" : 2,
		"title" : "Offer" ,
		"accordionId" : "accordionExample2",
		"queries" : [
			{
				"showClass" : "show",
				"collapsedClass" : "",
				"question" : "Lorem ipsum dolor sit, consectetur adipiscing elit.",
				"answer" : "There are many variations of passages of Lorem Ipsum available, but the majority have suffered alteration in some form, by injected humour, or randomised words which don't look even slightly believable.",
				"collapseId" : "collapseThree",
				"headingId" : "headingThree"
			},
			{
				"showClass" : "",
				"collapsedClass" : "collapsed",
				"question" : "Donec vel quam egestas, egestas nibh sollicitudin ante.",
				"answer" : "it look like readable English. Many desktop publishing packages and web page editors now use Lorem Ipsum as their default model text, and a search for 'lorem ipsum' will uncover many web sites infancy.",
				"collapseId" : "collapseFour",
				"headingId" : "headingFour"
			}
		]
	},
	{
		"number" : 3,
		"title" : "Pricing" ,
		"accordionId" : "accordionExample3",
		"queries" : [
			{
				"showClass" : "show",
				"collapsedClass" : "",
				"question" : "Nunc mattis turpis eu arcu mattis, semper vestibulum.",
				"answer" : "If you are going to use a passage of Lorem Ipsum, you need to be sure there isn't anything embarrassing hidden in the middle of text. All the Lorem Ipsum generators on the internet chunks as necessary.",
				"collapseId" : "collapseFive",
				"headingId" : "headingFive"
			},
			{
				"showClass" : "",
				"collapsedClass" : "collapsed",
				"question" : "Donec vitae libero eget felis mattis faucibus ipsum.",
				"answer" : "  Anim pariatur cliche reprehenderit, enim eiusmod high life accusamus terry richardson ad squid. 3 wolf moon officia aute, non cupidatat skateboard dolor brunch. Food truck quinoa nesciunt laborum eiusmod.",
				"collapseId" : "collapseSix",
				"headingId" : "headingSix"
			}
		]
	},
	{
		"number" : 4,
		"title" : "Support",
		"accordionId" : "accordionExample4",
		"queries" : [
			{
				"showClass" : "show",
				"collapsedClass" : "",
				"question" : "Etiam finibus nibh amet nisi dignissim, quam lobortis.",
				"answer" : "Many desktop publishing packages and web page editors now use Lorem Ipsum as their default model text, and a search for 'lorem ipsum will Various versions have evolved over the years, sometimes by accident.",
				"collapseId" : "collapseSeven",
				"headingId" : "headingSeven"
			},
			{
				"showClass" : "",
				"collapsedClass" : "collapsed",
				"question" : "Etiam laoreet tortor eu nunc accumsan, vel nisl rhoncus.",
				"answer" : "  Anim pariatur cliche reprehenderit, enim eiusmod high life accusamus terry richardson ad squid. 3 wolf moon officia aute, non cupidatat skateboard dolor brunch. Food truck quinoa nesciunt laborum eiusmod.",
				"collapseId" : "collapseEight",
				"headingId" : "headingEight"
			}
		]
	}
]