 [
	{
		"image" : "https://via.placeholder.com/300x300",
		"name" : "Jesse Manning",
		"founderOf" : "LLC",
		"content" : "A reader will be distracted by the readable content it is a long established fact that  of a page when looking at its layout. The point of using Lorem Ipsum is that it has a more-or-less normal distribution of letters, as opposed to using 'Content here, content here."
	},
	{
		"image" : "https://via.placeholder.com/300x300",
		"name" : "John Doe",
		"founderOf" : "LLC",
		"content" : "The point of using Lorem Ipsum is that it has a more-or-less normal distribution of letters, as opposed to using 'Content here, content here. it is a long established fact that a reader will be distracted by the readable content of a page when looking at its layout."
	},
	{
		"image" : "https://via.placeholder.com/300x300",
		"name" : "Sandy White",
		"founderOf" : "LLC",
		"content" : "When looking at its layout it is a long established fact that a reader will be distracted by the readable content of a page. The point of using Lorem Ipsum is that it has a more-or-less normal distribution of letters, as opposed to using 'Content here, content here."
	},
	{
		"image" : "https://via.placeholder.com/300x300",
		"name" : "Peter Singh",
		"founderOf" : "LLC",
		"content" : "It is a long established fact that a reader will be distracted by the readable content of a page when looking at its layout. The point of using Lorem Ipsum is that it has a more-or-less normal distribution of letters, as opposed to using 'Content here, content here."
	}
]